城市,2025预测,2026预测,2027预测,2028预测,2029预测,2030预测
济南市,0.5852867364883423,0.5845513939857483,0.5930567979812622,0.5935618877410889,0.5935618877410889,0.5935618877410889
青岛市,0.4697096049785614,0.4633945822715759,0.47021257877349854,0.47021257877349854,0.4678099751472473,0.468315064907074
淄博市,0.44592490792274475,0.4468212425708771,0.45346370339393616,0.452048122882843,0.45465990900993347,0.46071135997772217
枣庄市,0.20871518552303314,0.21339361369609833,0.20879870653152466,0.20962804555892944,0.20962804555892944,0.20962804555892944
东营市,0.36979997158050537,0.35237249732017517,0.3650648593902588,0.3650648593902588,0.3644731342792511,0.3644731342792511
烟台市,0.3135484755039215,0.3127051591873169,0.3127512037754059,0.3117447793483734,0.3114795684814453,0.31108105182647705
潍坊市,0.2809183597564697,0.2672327160835266,0.27654942870140076,0.27648043632507324,0.2748538851737976,0.27492013573646545
济宁市,0.2292623221874237,0.22978702187538147,0.22579747438430786,0.22604137659072876,0.22564992308616638,0.22558629512786865
泰安市,0.3410351872444153,0.3361927568912506,0.33416372537612915,0.3314894139766693,0.3320455849170685,0.33287492394447327
威海市,0.35619404911994934,0.35130801796913147,0.34866639971733093,0.34866639971733093,0.34866639971733093,0.34830009937286377
日照市,0.24914658069610596,0.252025306224823,0.25032830238342285,0.24987167119979858,0.24948230385780334,0.24948230385780334
临沂市,0.18073411285877228,0.18064884841442108,0.18109939992427826,0.18182897567749023,0.18182897567749023,0.18182897567749023
德州市,0.26138070225715637,0.26715317368507385,0.26424551010131836,0.264386385679245,0.26468926668167114,0.26486045122146606
聊城市,0.18898575007915497,0.18590869009494781,0.18555966019630432,0.18555966019630432,0.18555966019630432,0.18555966019630432
滨州市,0.21866410970687866,0.22433887422084808,0.2256026715040207,0.2256808876991272,0.22615860402584076,0.22612066566944122
菏泽市,0.20400653779506683,0.2069065272808075,0.2021319717168808,0.2021319717168808,0.2021319717168808,0.2020629644393921
